{"file_hashes":[{"block_hashes":["ZGrPeejXDgNMckHykJJTIeYUO9KKIZ+T7N3Y5kQi6vc=","dGdJRKe5buiNwl5rlGm40pzQA7slPrhZELU4Z6JiZ3I=","oHBN0TIkvyVt7fVHROlz7WokgXPfr1ibhp9MpsYvGok=","mK7zHvbsmvUjbIFf8lTE1XtUU+QTYWKpNLoNOOcMD3Y=","jSyU/1iRRjSsb0J4dZ8CpenT2A+2CcsAlrFDxdU4RuM=","nRwOUAucQORCr5rPFsdshWc0glNR5DpqiWXVjJ/9OGc=","kh3J3pBj80OBKH3ZOnaT5oPkt1nwMVXkb/lLTklgLwU=","XWWy8hI7NpA40V6GSzYXHRqZw2xJe+U8Az0haas77eI="],"block_size":4096,"path":"css/font-awesome-4.6.3/css/font-awesome.min.css"},{"block_hashes":["vdujM0m47yzjH5VyvgQEcfWmvqCvFduG2fjqM1fmF4A=","wnwAUDOwuM8cijkNnKDwRDsmTON+yVM4Nv0ZK5lvAR8=","OTZ+9jNo8ludqR++OGRg5WyrX7HeWSjP5qw9x2+YOkc=","auYTSHbPOvdon+7OgQ9QgIWllOiULMa+EYjvNT/LyCk=","+8lwbnvFtpt8axjOAw6B/p4E2wCRXc7lzxlgzdF2guo=","Ryvycgx3uNMfrXi5fyYGlm/LuENPFwm6Ducl9MmPxhI=","QPGcXqajFWFGi+dhtZtwZOFi0/bVxJ3GQjgGUnMtK+U=","HhEkY/uLaEXIpoinQM7ma4QRw1l3WTy+5odroKjB0S4=","d2Dy8IZZts/NydhcowzTxZ3+dPQ9DCE+IpP3/47hQKE=","jaZD3PRMWkKetnqT1dPgEuJ7Jr9q1QR97nKIk1P9nek=","UHZhbrSPj83a6mBGc7LbExecy7AX5i/R3ufk4H+lsac=","TOazGlvEXiEimPPZBBZqr4tP/WtSrLPb8wG5v10uARc=","yLwsqIe3vsQajOTmlYrCMUgWcLcbbqASRFtmjO4eUag=","ACxXOToVTjOjLCncj0QOKaedftmHxIDqAiyp0hsg1Uk=","B2KFjM3G4u40mgYhfjZjfqxqpZIiASX81sBRTDTKXq8=","omzlBAxJOv5hX9XwlMiZsku3SYz629AGPE27ar2HZcA=","ROWdWDj1D21OouuVlVJKw6FLwA5x66x7/fECJzwOomA=","PYFT5oVZsCqCSfL0HNntKYqx0V0AXeckp+wfDV9RSec=","cnKW0aRpcV2ddHpkAH5Og/V51aVi5Q+UYJ5F/aAT2Z0="],"block_size":4096,"path":"css/font-awesome-4.6.3/fonts/fontawesome-webfont.eot"},{"block_hashes":["sD3dQ2eAvVu6e25G8dQX9Ucx0U0sGM59WHxT1+HJOoY=","8VGzBUehdwjOvf8ecM97zND5skmk7ytc2fmpTsjtqeo=","3IzPvK/eh6a0skXApqe8f+fQdbp0Ry6NW9XUBKzVimU=","HKLo5xKWGuaOiyqZmgOa23Jy+8PzaEAVAI6s3YHAexA=","34HSDxaLQ4r5uXN1s7/HfEGCirWLeCDv64xzVpBFIhQ=","Jq5R4MGzXRmcHx0pvBzj7B6JspvikGZxWfTa+aISeOU=","ZhDz1+HiIZb5zATEwCYkL5jgFo1844EaXhs4HBq6Quw=","Wd3D8AbCo/4UOl6YUmTxiAIqPItg73DabfAnooIICUQ=","0hDHkvP3AHxUy+0/RK2W47WGx6VKQXwqLClgY3ksFaE=","VnbgDIctRDCYQji6DuMuvdc/TRgibJJd5a2GgigI7PQ=","nawSBVoZRkCsGiFTBE7SOkheTREfHgTFCZJit6QDmcs=","Ipl7YyVpMLCqyOW9bVHgNCXYtj9989s/crACMXFxWCg=","hqwwPWloxpvhJ1lgBVLkSf5H/SiDq0aZKsYUAAItN7s=","u0nZW3ig+gEn+RIUW6NjRstC9Jz7CrPfXkNg9a9oyHM=","N7D42gk2hvdogkPXT3rsmgvnEHziPXDGJOxJKfqyJZE=","jdJ3/cVxgPeCWtCF2KJaFQphjkyadxr41BguJUgs0U4=","8uGimfdTii5aZE9HbMEBlN7ol9CXc0HPpNn8K4yZBf0=","NquvqXdS8+Jh7owHXvus2+xqtxcjSTcNuKLF4wkl7fw=","fCj/ER99TF3nfXAcg8ZlvtctOneYi++VAfyeEG8TTI0=","e/fdNUrK2DyweOcNe3kl5kshPJ82ElLLhJHZzsQ7UYc=","Ri/sIAoUIVRDq9PXQn3vgaU0klTeHqKc4KCtfg3dRIg=","LrZvo1FzXQnEE7NcXiZG3kap/JjOZB7Nw7oTAcIq7Ew=","VBPaxCexHNvoGpL/HiK4nqSF5nl+KonLWeJPH6Z2eN0=","L1DhZem15ysvFWAbfkP/kvNT8K5t7moGB0ST15YrZfY=","pN06fI2LUWW/d6OhtVq84mMlEk7E3yVm8nQPeOY20bs=","bktwdWSbjz21RhpMOdv67qlKK7w45VJpz9uOnhYrcYE=","eZauA37EKNl9qUldpbTf6gnE6La2ilX5zRpS5sOqgVc=","KnOEZ033MsexbVdgc1/G6UJP60+6SOMuGaoCI3sIt8E=","a3BzMpuUfYQOrCEyG4dtL0L+EbB5CG0/V3teIEy9a9Q=","NZ9Hl+Thse02+oWQBRe/b0n3vaWPbyZRvjtNHEgisgc=","URpwDCZl+Hs6EH162mKqjwGQSs5ZtguKzzw3gt+TL80=","aEuiHd7Ouaxz5kVJ49Uj2aQshSAh7CLtjnA0O/GDlVs=","WGEYPPsAN0Vd/F6sK4ssVQvpgtI8QBg/CRufhpnUod4=","zeRT0H/frajLA5xST9ByZ8KL3sC4H4jfWSOk4NvMMRo=","24jgkS7a3cvGTlVZXGO1Ne9RBzkeFyjmTEJkHrg7WRY=","oqFB5X78sZ3H/EgQwuWdCZzPYU3ZflqNGXixsAYgKfk=","ng63AF8Ct0dii10S05lMPf1W1uGhBYAfUayuirt/2oU=","HQ91YTJLhugEskD5ROC6aV5JNcASZE8AiaTpZwWFpbw=","htJi+zI9k1ETTR4GfIiHuwe3LjvG30iSrUlianWXbWo=","W0e/EVPMTiEV2GeD1WEVQH+zyzsJwlYEtFApvaGul5g=","dvXV5S5cCI72Qi1XO1ZS5fYRP2Nd6FPcYcLXxA1dzhE=","NftZDBFlmjiV0jIFp+w+7vmVZW5jVnCTGqU6GX73B4I=","1XZC0j0SdwVYFIu0UAEr5m2bABGevVpoRbjWo64P+RE=","LNAaO1eQMR405l1xGsrP1EigDbstz+RbWj8TXWR6w40=","WSufj8m7L6F8a/cCI0B49ngUblQ0JQqR5c9ZN0sJ+fk=","CJNhY1jq4+jraTUNPAyLkRjuNMEZYxUD2qpnRg/er/E=","oNrwbkOaFS9HOPSmPqJEdvPH29lFM/0pdQ/lDesVzQs=","L9YZGskKt7DoKYzLhylawfynyizXAuwRUKeId+pwe4Y=","H2XwteqDXaOOzAwqYN/OXa8/vyFqe0jCi+smp9R10S4=","/BtiUB8f9/B0r6TuD3Fc1ZXWmDm0A0iTcQDmYpXhExA=","Wso00C2/tF6xwW23XWahfooaFy9VhYmYKNgwItq30eg=","M97PHljL7d7zDwkX7nB9vazIRa/gi4WYyxXu4vGJFRs=","sTUPAalBuvmFWWuyy1vzhuOcQW4BmF+f6CYvuEc5oA0=","Y+0ByZWpjOQAcONYpBklHw1KWe1MxzoP1PMDQ2o/vy4=","8h1gFsNd8K/ThikLB+lGEEZMW2/vPzvWcrUSvD1T/6A=","siuCJa9p9ssMpR7c7gIjHTBxPNZHhWyUN69aB4b12eo=","lqGcTWa9MH65W4mJQ6ubjdxXw6UHiFovZOb0q0h/XDQ=","IHbuUHEOcHZ0YIZPOoNWC4mjCnS/8vDPjE0LoeBfc2I=","lGnBT5fWeIgRjzTF6CP+ksXzxc3Z5EUiNzIXxvV2zu0=","c8KqNkx6tYgJjTm54PtSffloh2WoeTVxG7CxSwaM7G0=","Ous74HobVUoN9AXPGG/QIOZeEw+VwwMZ2n1cNjtdOFQ=","OuJUOQmPZ6s0k78dJ74Vsf33T4BQ0hWES5YSEgzJUa8=","rSJaKkmQT3fKkbPtr6yoZvQFys8hGIhPqfyZyQFY4eE=","vE/1ji650TRVfcFp3mhf42/hs5Zq/TltG62NWUNR08s=","V11z32gcG5sonMYRm05y7cUD1JMDocClSX10wglIanU=","SEBx0TOx4MUKGKnYaxJ1RQZfFGV5qBloeMODM1XxUI4=","Pzq+LNydbowXEE5NqAxtB36B/oaa4rbnGrhhHbj1XgA=","G86/pQ+bP4mV8sfqLJlJGcIzdI4zYq6ZzQMtDhL3sJE=","iuqocZbD5Q1GkcI2VODG+VEwnD4XOQpMnbHxqtyLQl8=","F/XSNx7VSgEOQqyrLpErctndNbJr84QlX7yKGqJNvjw=","9EUnQo0ogVC1kBui+Nw+vhxhyvDvKpysV8dwBV4H+FE=","PnQn32SuQsERfDukKrFCYSnTWfSTrqIYKm2+4tkJqlg=","tgBpj0u2nmBZrkECEtiqr99KtbOqD5tPa7k6YtYHe5Y=","11RUo2vV64oY3pIF1DDW0/CHpclqvG9YP7LKhk6pJic=","Mj0NV+PJwjLfhc90YomrgbSyJshY3YWMkPUENgE7gLw=","2v3zkxAsQfK7eNbvrIJ4UMk2UCD6tJ3A+ZCUGqAi7bY=","8i+baq+h8msAx4/dwD3i8wq36+0Iwo194LX2NfIe5ns=","dKK5byv18b3KBp3//qIDttqBAJ/CwfXFUS+8eoUmYFo=","XjVSh1TxOR38gEYMAvlKVs9s7KwvW4vWv8caKwwcchs=","9YPWYiaHy9mY1RqShBySIVGolEfuEV0D8wNa16oszfc=","D8wZpEueC8bTGhN7MPZ/3AedmPhzSdGykD+IQDaI8Dk=","m/Jw7eQzUvqmYzugYqdaWn0DlNTmiN95rx/r+Cv7y6M=","ElUzMYita9D0TLOvWc4ie4ooTlIKjXmMHnQI9Dc8tP4=","tPj0xb7aEZBCXsNxGhfGUA4E/DD55NbR8LWWCGozzs8=","VE8QM+5/S3Rv5fB5lN/3deAZ1cdGqW9hoo8OO3q1nIg=","8pVukoMotSJblVuuj81Yg+dZM2keSN3b5a9LAL6MIX0=","NK79FFMetC3ktOP4RuP555FYJtSsLeyZEhcxEijgMqk=","cAN/+zEqXAY+cWvl8uPJarJXWQbhDCNhWZJgyY0t1I0=","+zcEfQpOpUj7wDLK7zBb9Bkfyi2DFE0clb3Ke/Ela08=","iJk3tOQnW040fXbysV8fhkC3rKqmwISvbGj/PkNGt90=","/dCtJw1sO91vm9rOkzfPx3hwe+aWwpHeffBxZYdK7zs=","XkRcRvWFUHRw6c2UGj9OLXXwmi+i3H0R1KXz+l6p4hM=","Kmp1lfRtft631863tlZ1icaQnxxYC3moYl7LGUFZxpQ=","EK6c7MrweTkzitGHi6qT9+4MpRfi9m8LoiAFP5wuiz4=","Ig+JRks68QRMATyQBj8KAyj7vnTrw7pvOMp3C7p+6D4=","fHv0c6M+qJ35T08eCi6JDwprSg1VXg3Ot4rBFUFkcsg="],"block_size":4096,"path":"css/font-awesome-4.6.3/fonts/fontawesome-webfont.svg"},{"block_hashes":["AKoF9zNpff64OVWrJRZXWHh1j0Av2qqjyo9h/TfintM=","m/R3ulREM7wMMKcOzL4Wvp+yptSg4meL73/4aIEbKnU=","bjb4jjMuLFAxvtNpkO1angShEMeZmc58l/yE7DhxVEA=","szQeS6arivPfME3TARpTdvasQZ1S/jt/K6/+49K/R6g=","3WfKvQYDjEp1hLbH+Md86ZGdLJxyg2tlTOG7dbZVUUc=","aXgBl4j7bmt2w5TS+iagmvhddr/wo7L5+OMPmEnHK3o=","L91BOywBVyULv1jLIgB1RtqHNuVfl+3bGhX6jRKCua8=","kryv0IkBlFyH8u08FNmD2uz15Lek2pPEm21Ar8S70FY=","jtHtnmtJBx0oXS/Dy75lb6n5RIVrnuKoaL81iSzxy38=","FEaF/e9TwQTHkCf5I8OXqyi9qHN4lXZKi7F8Urzclik=","XT9BUuN67Gks5BC6ZeSD4cQ4F7UjN2qbqySz6bl+faY=","FkTDllNqUAy0e1wPw+vru0urw1BN+vuz5YxO1hRzslE=","RawTPoh4TfwkUJpHfjBzLbn+sGDb9c1WSIhew5fmbVQ=","8ShEUtXBiJABVv1D3dl7S7ZZrnmgzj9K37S52wTNeVk=","JKz1jTBSEKH/rrX1PXKnjZc9RThmEQ9OGPvjKDjujok=","0UHPwoqk6aBOTtxokrOSZ+cgy+4WfdrhdcY2pKg0tOY=","HhEmWmaeK2Pi89brQPtmevJgUiHGb8MYKm0F+RcEP9s=","88k30y+D7aaUkSaP7fd+6yRzay2jM+GvvhTk0a3iv5M=","Sg+Ow527hZ2T/XvMftv59uqMSxqyh22xZlRiIfVXHDQ=","J77+yGKEYxrV704T7txUwab8lbi/6dBfRZAgyNWwoh0=","e121GDfqnZlgT+rHkpN95xLEaGC9qWPMq83lIpb+7Jk=","yi/FJcryFZ2cX9pyLx1/4KWBTciWGKdUOLUVjeA6CgA=","68UAJihAwTXcV5OXLHFiKGIAOc7m6VfzSDlyn46wh6Q=","6lERnjD7w4Um5t/KyFiIor477Z8e3yQQ8OYYkDDlrS0=","q88UCwTKNEjxP1yHC24NQ/5uzXtGwxmHQM8eK2HYF3k=","pMmS/X6LPXlmt5YmRoOMMEWxIJYpNzjCFil2uQFZAgc=","H5wdzYzJ06joTWOnSxB7asdnvIxtfLwPOnp55FN+8pY=","rWyZhWKguoSyT7ab7TxAoOApvWJ6+NUc1z8l26nOexo=","zSXVokI3Ht+qZsSkAIig7kK97yQoVYwickB7aEz1FP8=","O8AwdDtrwMe2F0ovy/yYscp574aoz/lWtrPjsSbxHiA=","a25VPj6c8Kwyw0fwzTTH/f48wfzhybfxPexIq6OGKzM=","qMdoxI3qGaldTx/sfeB/BG2q28kuf87q7qj9P1O86ew=","tn44Hhf8+MCVMfUZU3K9MgtLfkQgfKklNDl5EAkaHmI=","f5b1pg0/fgwQJKEjbOqVG7dAILRdPfI8MDz4BlvH0xo=","vtZCc3IKooNBqGOjuYnOh+mNiY2fImoiSp2W3tWeMDE=","NFP6VhMpaSzlMvLAMgcVdOV1KKbUIOzLCYqez9uIWwY=","Qhma27ZzU+dscuYDwGXGuOwT/F43+MB2nxuT8DTy2hE=","XlfyqOXiyUxoNnj5ZVDVZ4cbm+PhNkbgDFBHeKBJE1w="],"block_size":4096,"path":"css/font-awesome-4.6.3/fonts/fontawesome-webfont.ttf"},{"block_hashes":["r/ByObheIU+EmBcacbSNbYRd5MwdlwNLSayEWwSfZBA=","8/5DTnl4PBuy6yHwm4vCmUSOdtEDnixtTY9NNBcEoOc=","4ch9qNLUanNIuHvQ9klMvyvxjwJGyNvI5BNacZTI1qk=","ztysOaqP4kAUmhuIwouR/F8FECZ9zxhw6JHW6bk/yFM=","FwNaGhyIzXIUX2GC1Dy7bgWDdY1Fd7Gb9nTnnIJ7dbo=","LOmoVt78BfHJg1Hg69w6mi/Ynx+1jAO0qa5nI1rwxbQ=","OKX/Ob7Tf5vosqDehc60yIinT1J80OQNrGeBrOraKME=","g6fF/srAVUIRdwxErNj7Y61drw00vQQ1lEE84JluAPY=","OVu/jJoQqKBfNgwK3G7V5n7CNuDRFYRiariZkGL/SPc=","R6RW4zOTVecceqhXF0S5py11GkQ6AGUEj5ksCiHgBnQ=","ok1zxznQWsuIXDLVAFGJapfB6vzwLZdYVCwErO7HfCg=","XY3g3AV2p6td35jGEnRt5R4iNPF/x4Fc+NBiz66krMw=","CSgj/3145GEZOBWzzR9g6zT7OvE7FcSMhnlUwJE3WO0=","NHProHEyi5nRK5mgwFO2zZcN0MKcSBxutCxtHCDn1zY=","hu7WNkVldScXMNq+ITSlJk6JpgIFfeFnuvhDPoylExg=","9T9awVGZ5/XvWD0fuDd+OWRqkQ0g5cfmFnlO4ZdnmzE=","9pP/W0A+Wetk6QJIQDO4+sc62fZHJ8mkNJZTFE9cCbA=","r5M9sSuThbynWM2/7UZGX8dlgvCvog70Ekwae+o0OoM=","CPcufdld8BbWB5y/Vp0dKBVVN2WgSiBKkTu4YyNbBR8=","Yjg0Zsne1FuaFRwCW5DqdHgOwBUzjckb2iIu7mE7jcQ=","mFW5rM75uGsKHb8Oc7GINr5+eLsbgVmBKu0UIOaP1D0=","GncKYUq8BTu/lpjkdLHiZMu/g3vrhQQqaYDTNsRvXKQ=","vNgasrVU0UqFp1ocwjxquZtPU576N+fvHF/dmlhNsGM="],"block_size":4096,"path":"css/font-awesome-4.6.3/fonts/fontawesome-webfont.woff"},{"block_hashes":["KAPhXXgePnJ1LFa+vvNuIGGb6E589DgQsQiFtLA/sVc=","q/cglE7tKugdItR4+OKBqDPPtjixrpFjRaQWHlqNXTY=","ggkZey0cNMlald+dI4M3OoUWokDCOxiyrp93fMx7Q7E=","twL/4kxQhkAJ+rbnk2yQiOu8mxEnLVtpMFwZlTudpl8=","RFs6u/8BQfIRsWixJUvpncSRIP0VvvHN2DzT4ah5CPU=","I66vRrV3ME20GvHUoyPofdgoJpPqxF2mTiDrrdGjyBA=","r9+mRMPxEvy99zKVJnzoz5mFdqxpJwUEK1XSp2y7agk=","ZC/IgwPaGlCkGq5H03uG2hwvIdzDs952tC11p7sJnMM=","fTI4WAKtlQpsT41KhCqeyDZHElijJPm+jsQH7i689Ng=","poO3nKRnBDIgneo96tUxxfQ1FuW3EBYMjh7V4poPB/Y=","7dTi46YvjbMaKxFLz8igNufkSO3JWq4O+Pr8ZHHOzt0=","/9jv+NC1RjQG/Ld4CuxEWt+rzEiDK7uQxGgGhZawswk=","U5TZbms0FnMB3M2s62Lqf4nPG8pb1YgB9oGyIqazjJg=","rPnl8XsuREtpQ4N6g1U0GI/sqmbQTAZHpp7TX0OZt68=","x8oe28EQheNfr2LtQsaRk1Mm+kdGF03LOFKFG+9AxiQ=","cNY6w+eQvxBUhNEnGeNY91gs9pa72Azzvj8iIlhwOs0=","RLfv7Pqo0RrbIK/JUbu39R0EzDJqM3Apz1OjHsbD6xg=","Nvu4K9uYGIfj5psTcy329x18aH5MgCdQDRsEk4ucvGk="],"block_size":4096,"path":"css/font-awesome-4.6.3/fonts/fontawesome-webfont.woff2"},{"block_hashes":["/cgB9TmWF3rEyErkBE2l/MRgnG+r9MCbdB/XiWFVsZw=","H/xK3CcNmQh+QhPVbzMTR/QIiwF2sFrUD1IPohy2RZI=","v7g6iflsYvx/6/8vfTmsajaaxvBVvVZYmZd/ipcPapM=","vd0fstuEF6JPnSXr4lpOB8IzoWgy/2+SrD9+b9E+6RY=","ZbBGesKqDugQ6GSKdpXKjTMQ3Ixp6H4qo0echdM7Eas=","ugmVUfdzDG8wGQ3qgTmyipShu5CSLrqycSZir0SCOQs=","lWgfh6MxhdC6cUTHIDyCQW3GAms5sAlmzqIGCunGl8I=","nHxpQtG0fNidDvDR9C7lMNyvPXwLXj2AuUPKvg2SlIk=","UdvMWfrPlBWo0WKlFFZKB/U+r4uZoutLfH7FOWRKMkI=","RRCVLP58nRVj8VAtke5/Z1mVAMvXlp5oWcWAKm85vdM=","UQ7W0bWzLtdw3AyD5Km2S11vp2j6ytDOLaGQ7wefb6M=","Go0fpeAQmGVNWFKQBoz757hsnQLXruimtQtwblt2aRU=","TABdPYj1j2ZGkyVKIVn/aWBl9jps6k8FwBxOm8u2k00=","/4B0AA2LflgR1R3Aq6J31s6jQOLBNdnBS5mZFsEfz98=","QaTrQbM/hEpRjsQpf+OmWuEYVICo3NtYkN/oWCbdZgk=","ZodXF867jFDNpQgxjVYb9IoAqg565mt9uQMuNt0QutM=","X2K52mLHeoIQCP+kCHZ+8EjNTcAqTl01MgzjIw8zEnA=","Mn0QBpo90oucYsM2w9ow1UFCvHI63v/WQwqksF9AG6U=","V7TMZTBU/Kr6vXDMwtxWjLFhPKqVNTzvXt5uCu6nqFs=","rS/R1bGWzx9GFlHBQmvNAylt+KEQ0H5jczmCftqp+fM=","Bokqqp7nXeyk22Nt9/Ij8YgtftRPr/5fTCZcvq/obDc=","H23VgL8NCZDdFjR7ki3mNS8L3WST+UKy9eegyw9QS0g=","EOTeVNODx32tJYo7PK6TkvXltxNrhJUCdWZ5Ora93R8=","48CB88Ug5Ac5KC+Quie83mp3gu2lRTtUgAhzYz682hw=","PwZJbOjZMU4+iJ3H29hekIVQHlEXyWZj7c6xLGBhCh4=","VRqGD38gsrm4lXpiAyavd+UUlirkZgldY5EsYMgPjQ4=","c4ieAsutDK6Zzx/RxF798cW8cV8htXj74JP34t7sa2Y=","Ki6FSXk9nf4MIHmxusns/eyG5qbUX+vg1cbIDUmnv0w=","jhfER94XzkYn8l1++59cpPE66MDdXrvbfl3x7hQ4YGI=","Z4x9bzUXF18qrhvQF5UKVPdficVewNtjVIMMOS1ylK4=","FjLtPqjdzD8EHsgHugI3Yf9bzzljOusWEGgxN1i5Za0="],"block_size":4096,"path":"css/font-awesome-4.6.3/fonts/FontAwesome.otf"},{"block_hashes":["11Gd9ZhStHE9VQIokCNT5jOl08u1Li4hrB00enwUuBA=","TRbEk0ZqzJC1QpmW3QxmQ7OAn8dbDgLRquF2VckilzM=","hNH7K1EbE1Nrk2T36GMuycBpun3nzYlWaHeGrlxFfT8=","j+pXrokfUrPeYXXWULO+1TqqL73l8iWlWLoJ9cyX6AE=","ylvpko7USK5CngS8/efxgKz209c04vfl/Uj0cyCm/uQ=","1GAI5D3kRgoUrHL3tFazrhCQa7sCKwoTNhyN+VhByUA=","rUNbfvfjtp3sZKCVfo+M8SKGSaAKqrRwkcVswoMMt08=","C3bImOpwX9EojOpX56SQX4lcyu/eIssNt2B3BVi8f4Q=","Y5HbpfnMualSqBRH11wOcwEd9/W9czJfk4wpABSak4o=","h09COkvZOsprzn+z3NPoH1SQRhTIwf+pe+uGR1mitzI=","6T0M4VHddRzU/FsQAZ1WL1/3zVvHk7epzUQSfj4V2+o=","zSojj+4ta63T1eOiJ/UCwygSab6Tk1eITSQ7FQzXx3o=","cI2XkeWGHh9FR4pbsvTnH7oCV0k3f76w5m8UZmZqXDY=","QyQHLH+gOM7ktm60oRKOACexvxc3LtPJFNrMa4x4F2c=","gOjtaJ+yLlnWlE1upd/AhZH0g3w4XWHz5SgIAu1HZ9I=","PedvuXKChyhY4O80WdNw5+v00jk6vxrIUtYXzLTbA9A=","5zae5sqeXR1hfR2aQwnqn0u1nr1i7p+gu1j5q2VTWSo=","rdSWk0291/wvna/aioFnsKdAHOozKhwbk+P5nAvMWUs=","ffAPQEg91QJJfdS0H5gGtE2TUyxsJB2ij2O17VZVqB4=","Qxc2KQQZrkIhlNU2p4IPhzoWv8tbBOrBrYuq0jBWgQQ=","Pilqd0ZAt+Tf/ITnRXVDiX5Yu//cbXIxAKg9xEdHT94=","rJpISCqBIMEiodbFXdJ1roQmcPXyBd4kKg+HcxyqggY=","mMw6jTJ27FS3d3NecwxASVHM+eihjMXcfr3xPMmg0Zg=","rsH0KBoyR6g7ldIkHkdXXPPZFM+k7nqcdXVfEs5EcFk="],"block_size":4096,"path":"css/opensans/DXI1ORHCpsQm3Vp6mXoaTRsxEYwM7FgeyaSgU71cLG0.woff"},{"block_hashes":["GXw80fHtfesy9Wn8FNTDQGj8GKOi5KZhZnh7RkoKW5s=","V9HGTi6BdkYtpSX2rIA7omFLHfrGLuqI2X65VuUZPF8=","Kv+8NRNbfY78hQY5IOf4N5miAPSj5/00E4zIXGUi/hQ=","k5N+v6AK19XJvg6YnkyWtqdV/SqWCB+xWoFqc0B8h8E=","IqvRFo2sClx654DuK8CgGsMtc6xcQKdGIMVWFBhjwHA=","ffWeS6yYeeeG8I1FZ2qdTl+ZXLruKcSoFOWXnRYOZFM=","0VgB1jMy3BAYw70+0tFDD0y40j5xYEyN9htMp+sh198=","zwdI8vHr3hd1I+dRbapRik0n8GkIhCf9wR/jOAxzGvk=","XiDg5opt9DOsgSGxQo5roVM109JjTCGBXlrUFkC9lis=","KCw8QNMOTtnbIaTNqPkoj8PwITmB7chZkujmI2R/gks=","CTmqJkQIBEJWvcPVZQQGrXSLnpOYNBXBPzuuICFuaCc=","LqtUh+kIUvJJM2Xejhzg6WwtpTHUfzcLCZYrwQoESRM=","rY/u8/dUcRRIudTpXdH8otnDQFhLSt5VqjRn36Qv/uE=","JROwUj0eEzYRthJTvmaWceG/Iui83V7n2YhB8S4oc08=","BFopkwIr5aoxT1aTSVOtCdelGJW1QUdgzO3NrOClDcY=","i23eavwMS33haSLyb6mYrR6E5AmyPLybST0vEwxAiYE=","XquggIUcYu1cK/ypBUtXck+2OcpUmvmkw8dFy/yIEMI=","wYy/NtJwqWLLXH2qJB6bpxjfSVm7Um9BUbImk2YlVPk=","HL7YKCrNSopUgVs1SSVhrfRLLDYj8FYHh/6ThnsLQeA=","zHLK8tFGg2+MVc25VfNJeevMpe702MShB8dOBJ/iR3o=","APSa+Mdv6VHDmy/PP8HF5ede+v/Pw0E5n+FLbx2tDxc=","E7vpV/Ml6WHaqcy8I2bB7iQlwnVPkSGA7vcy/vEtMKo=","AymfDvX7umQ7WqZwH2jaOzhjO1MIZ/QRL/6Z3jJK9bg=","hVSHzSfkWsSAApbKhlJGQddkXFjDvLrQeRTwUMlJo+M=","WgVyIZgsS5nprQInGCC9180hU++AqQZHLee+hYEwyeY="],"block_size":4096,"path":"css/opensans/k3k702ZOKiLJc3WVjuplzBsxEYwM7FgeyaSgU71cLG0.woff"},{"block_hashes":["3K+iJbAFmn1oUUwDlh3YNB545QS5SWr/wdpKWsj45G0=","HkwI5cVyC9xJmOJGUYCfNUKNZZWZCa+cqJSS83xL9kk=","QjyZgyWXbBNx5tmOFYOy3camw9fIhGbbt1liNsxXf5w=","DG4FAkIi7FwglD32QSo3IW4+eBLOMy6jKoR3xTmX1yY=","99+YT2s3+B1q81swe+gtZ3nO2JloVVD2lSl96s3il8A=","UHo7x7hW8YyvOoNT/uuZmq5ASrn0QSd9/Mt+9XsxjNk=","zaq9WmhZJd0KRyAh1S8iFsme5uPR2mZ65LfIXZ2Kqxs=","a4kadkEqViwODluuY/2OZk85gMfaN4Yo2GAHmGTMWwk=","CLH+n6I9iA/w3wFcRpj0iSrAlYttTUdWZ9LAAIu25Q0=","qNAmQigp0nj6EvqxAvsDNU+QRidWvFv/Oq7+wjYuaE0=","6jrQiYpjafhc21g6mlNm3Zfnth77TuOLvtAbUvZKiVQ=","Y7oi8zhf7GogvWLvg3FxCaYcHOIskBWAOAs8yQTUhfw=","k7DMCmVUwaOYum2lFN4W3SfDu/j4vjo3LBfDj9bC8Oo=","G/pZ+w6LRIfMT/9rAGuvC8RBP/Phh1o9b+UOuBtOG/8=","DjtCYEG8CeAZZfMllyWZvslodDO465i7iRcaoXmVfac=","oxmNjZMa9rNNtwa5/qX4QYaFpjI3C7Wens481xSwOh0=","WykkAen/b/aUNoCcpUMCh6Ftxp+0Xk//1ZG6iD0xWP4=","2zWIPYBPqX3gcXhXM36NnxR/LZJSS5tlUcaPFrWYatU=","3OO9yBSQ2nEjBGJaeZQOnvhimzSqc3YsaGcNqnjHiFo=","hB4VIZ0ffcLYrCd5qNZHkrOf/22uAhYWFo8JlC+l7n4=","vJfkDkd2ixlxwZwu7xfoZqCPHBSl+8jWMgxHhPoqz7A=","KS14/D7q6k8j+uGhUopzkAkcJy+L87oM/24tN+FAbW8=","NssekzM1FPEebakumTVhoWr7Nr3kdn4rkFGLjYTv8Gg="],"block_size":4096,"path":"css/opensans/O4NhV7_qs9r9seTo7fnsVD8E0i7KZn-EPnyo3HZu7kw.woff"},{"block_hashes":["W7gGK9bdTIaYNcW47MhinLiTZ/FC1VFjpwGQEKFnv3o="],"block_size":4096,"path":"css/opensans/opensans.css"},{"block_hashes":["bIhv+uaVwU2QRRWaEi6TnEt3PQw1KZ8yw18OB7vOZ4Y=","oGkw7qbLp4jLVq2FunLDCyBhWeUUvyYFLhdTWrcensc=","Oxk+xpE9FeNjYpoYIsEpWr3o6YpqmQQb+Wxo/F/+b0k=","5MxGy4NuRbV08tDvmr8h4d9k6pMxkuJuSg2yKQgExp4=","ALTcm7CYuQn8PoOuDcfGDmBx5UQicGeDsM8TyvjXxq4=","KHY9KoSJk8kEORfWA3JDle3zrz2R/vMjRvA85Pc/Iyk=","GWLFSBmXGj2aa9KFYurft1RuS++9LpAu04MpXJ0DTEc=","u2vQlSxPDuFh4NGcrbqyVuEpYlyEVOjZiD3KCE2k+J8=","AT4pWrIEO3+gfar73EqXY0nHc8zIUoTGuV1F5spcT4k=","UK3/IiqnJK2LT9RgSMEfPg9OSVB+30m/mmeeiWLVMo0=","ywpoIBBuSP3d1oznvDXtEbtA8KEO+ZsiY9BqDaPoWEo=","MGGOomfl07caFB8F5e9ZTHpaEAyBgoys6Jn+o4UNIG0=","PWA5PVFYMqOcaKgcHylLwukuGv0khBakmfAxllrNaFo=","mDYOBJXUulGdOY+ylKzyx0O0kSUXNRJk6qUSRlqKjow=","++bZhD+zjDGW2fdbI2Du3XqFbp72REyT2VqS94nLpYE=","4bDIJFM8BrV+jUoUfsNmBMJl5WUAjLS8ydyNtGUtC6k=","ykb8GadyUh84H+JxZYNUR0TUwaBYM6WQ5bBDQP5jIhg=","A2ARFP7P/cP4E9PCOSxCcb+BAJvzOMaM34TsxjsJ3Ns=","z/oZaTLPvoemq/xvmRCMruKnq4UjMWETQVoRlyYbwG8=","2EqJhTJ7UFmMqnWsHk1a9KQTcL0BE0RDVyV9AJRrgAc=","j/VqBD0UDFpn0OUfBf8yqKVVIe9EyNsgxGOs8HkrQPI=","vWAanYiArN5/YkOs4HO366XZup9Jme/Hq7uSKA+5PRw=","sij6Z/dvzDbvOECMron8NsyCZCdrn6gSTVQNlju7d3A=","oOL0lyzwIprG/Tk6RHI3ElHOb9o3ZgU7zjMtIamPmzY="],"block_size":4096,"path":"css/opensans/uYKcPVoh6c5R0NpdEY5A-Q.woff"},{"block_hashes":["Htn61bwwrAGe/q8OSAs71xSQvFTbA/TBxrTrmUkHg0Y="],"block_size":4096,"path":"css/options.css"},{"block_hashes":["PaVW0PuehwklyPErvqmp7zFl0HXf1JIkqQ4XvW4kxPY="],"block_size":4096,"path":"css/options_main_page.css"},{"block_hashes":["3wv8AgjJqo0phY3WyGCvPRuN53ZqW8fNkHpYp3twEAE="],"block_size":4096,"path":"css/popup-accordion.css"},{"block_hashes":["/YSKlta/LMdzW8r0m++kSMkNiIEWdbYRK1BursV1O7U="],"block_size":4096,"path":"css/popup-tabs.css"},{"block_hashes":["Wc6ivuGqIe7vPAMaO1hgzu0XTh/rdarwZYoj8zv79A0=","L1VjfXlz2ABs9EDr8cEaaMRyKXpLKTpbOSksnRs9B+M="],"block_size":4096,"path":"css/popup.css"},{"block_hashes":["AUfHtnEo7q+Ow/2+e6VUheiyna7rb6WkUfyh23cM5SI="],"block_size":4096,"path":"css/smoothness/images/ui-bg_glass_55_fbf9ee_1x400.png"},{"block_hashes":["VJMToN/DhBFQMEd4cX/qWmItKmYCl9HlDLu2vQlGI/M="],"block_size":4096,"path":"css/smoothness/images/ui-bg_glass_65_ffffff_1x400.png"},{"block_hashes":["KqB1TQgSRzuH1RVZ+HEcPELRmLJ0TzhWkzjTTjmhlPE="],"block_size":4096,"path":"css/smoothness/images/ui-bg_glass_75_dadada_1x400.png"},{"block_hashes":["vZJrAA8w9LD/KoIpIvVquNzUQmaGd3jg+veH6lxI7kI="],"block_size":4096,"path":"css/smoothness/images/ui-bg_glass_75_e6e6e6_1x400.png"},{"block_hashes":["rTewNPkzwRfRElg2Mow9ITAMZCAujSsobVjAoLSvdt4="],"block_size":4096,"path":"css/smoothness/images/ui-bg_glass_95_fef1ec_1x400.png"},{"block_hashes":["ASmAkqtquHfXm/vWSeUyyCT9RIrWb6gBHpOHek2WNcE="],"block_size":4096,"path":"css/smoothness/images/ui-bg_highlight-soft_75_cccccc_1x100.png"},{"block_hashes":["PIOx8i924wHjUVCV7YD4LCPrECycoYlOgSIjWJ/K1qg=","S6aw+nfWvxP/BDfzciJAdrx/sEDNEMr91RKDl8pO0q0="],"block_size":4096,"path":"css/smoothness/images/ui-icons_222222_256x240.png"},{"block_hashes":["SJmXDpVYPqenibQj0VXBfuxbon7bDkZ4VKZNoeF/igM=","dXKXHvjEkOJUd7pDAOIRMNAbKKiNY4v0Q/VQAgcQ2LA="],"block_size":4096,"path":"css/smoothness/images/ui-icons_2e83ff_256x240.png"},{"block_hashes":["flBwnP1COmMWFlgfdZY8fcGd4o0pqY8ttBVnulef/hU=","hsF7XXKTrTX67h7PwhbG+iprPSrqK2ig73XKl9pS2Qk="],"block_size":4096,"path":"css/smoothness/images/ui-icons_454545_256x240.png"},{"block_hashes":["G8EaL7RIkJx2c4Zn6PYQ3SFYH2qytyZ3tThav5YLxpU=","Gv5iqn9gr8NfOlJWQtPZ7+q226marH8nwdvRFYGznRg="],"block_size":4096,"path":"css/smoothness/images/ui-icons_888888_256x240.png"},{"block_hashes":["MHd1TMDwTfaLIX3bvIiplZrbd8J0nYlS9Api1C8E1m8=","dXKXHvjEkOJUd7pDAOIRMNAbKKiNY4v0Q/VQAgcQ2LA="],"block_size":4096,"path":"css/smoothness/images/ui-icons_cd0a0a_256x240.png"},{"block_hashes":["TEATEtNs/gqCNLJRb66axHfuuG5aV7VDpq+ExSRUGdk=","WnJK+sz0f3/0RfqKpof4W+jWoYc/HDdvX+f0E2Srr8M=","H9JWjCfHGCw/xrOLxZPhC5qwPW/bwqSgy3DSUvWVjn8=","P0dD5TBrBFHSam7QQhnIraPYBT36Gfcg8BBvErejPPE=","47LYpE+qez+cYeju8IoN92KK2+szyuU3xj9S3pLfHic=","uN9lmBP0Ry6BVaL3CgVGfckIyr/wcxxD+IctfGALbUw=","g/hmJZ6i5Fb17YMsykeDKMmiUJ3LlXgqvfLE2wg+FXI=","Fe0NTE47UoGiBHyp0MYKC60eKSpEQDydbr2m71czO1w="],"block_size":4096,"path":"css/smoothness/jquery-ui-1.12.1.custom.min.css"},{"block_hashes":["T2q335EI2jHoXuW/qQOStTMOLCkmoCQXy/vQLNjUHDA=","Ah3j0pyfAFO3GQJ/14eZAjU1b32/KNkE1we4U3EGPPY=","x5JEjtg9pPEE2SiPGuHKtE05ydWHk3CeAZRAJZsTl40="],"block_size":4096,"path":"css/uniform.default.css"},{"block_hashes":["P6Lek4AKpdx+lA1r2szSpbOOAUrWU7JYcunk+TPI+YU="],"block_size":4096,"path":"devtools/background-devtools.js"},{"block_hashes":["EfESHs3GU+JUEe+vYi3AJQr4W1uctVnTjIZQV5aXt2A="],"block_size":4096,"path":"devtools/devtools-page.html"},{"block_hashes":["yDv/rqdbVO1b+oWm6HVJXqcdFD7oqgBF8g2fSBAHQLM="],"block_size":4096,"path":"devtools/devtools-page.js"},{"block_hashes":["CvAehi6aObuzKvuIgWVBXWIIri7ExWGtmMb0TdbxLTU="],"block_size":4096,"path":"devtools/panel.css"},{"block_hashes":["ZP0oCEcJN5kBzZUiiSFEwefs+5/liV0agovizuGMYeg="],"block_size":4096,"path":"devtools/panel.html"},{"block_hashes":["wtDX+xO7AnG5KhtUfeRBNevpClb+lMBiV0ZKMCFuzSU=","6sXTdLtHkxuy/M1VtXqaraWrTSmvMFf0/I9aSdUklA8="],"block_size":4096,"path":"devtools/panel.js"},{"block_hashes":["mX/PHeADXcc7Ur4sYtYzY/qc1orwj8BQQUMBQ1ICHNk=","i8H8JxgLymKgObk0cTd5mJCfPZ2D4g4msU2iyJ4PGk4=","EnQ9pJRxwfEj0jmuZcFS/fq+a5aWhkAjP/DT6DKwOAo=","7a8B3Bjc++KPyDETvq5ChjtlgeWKzPlu/DZqm5v0NA4=","xQWOB9wGmotm4M5j99T3A+7AAfZ1tQ+Yy+7AJRod7YQ=","iHqJGPvFUBPK3pK85V9isrKlgv4OX9Mey2Rx0TUwy5o=","rLRsJHxLNjLYJYPhiUtbCepn7daC+edoAHesyk6HqCY=","3TsLXlJhBmgAad8JNq5dK5K4ky4/NK22iagcC7RRR7U=","pqCONBv5OhqPaOwC28Tz+Dn0nFZL2m+xAXrKmAfNQQo="],"block_size":4096,"path":"GNU_GPL_V3.txt"},{"block_hashes":["NlhkAl9pzF0MWAzRdUC/Vrgh35V0P5UMJiQhRLKD47g="],"block_size":4096,"path":"img/cookie_xmas_19x19.png"},{"block_hashes":["WehatY2LsM/ssbphcwb65DH7Cvf5rX94tL3BHQFqbec="],"block_size":4096,"path":"img/cookie_xmas_38x38.png"},{"block_hashes":["oSVEAFzuKHWle0cYGYuc2nBp5DiD4veSUlr8gudZV2I="],"block_size":4096,"path":"img/github_logo.png"},{"block_hashes":["g8A+nJZjFAS0ci8goDcbwobgswroF0/WGwQlgFXCcSQ="],"block_size":4096,"path":"img/icon_32x32.png"},{"block_hashes":["Dsa77k2pJKCwrhKrFtiob3F63H3EanIWHT6WoD8y8IM="],"block_size":4096,"path":"img/icon_halloween_19x19.png"},{"block_hashes":["jmjMIAMG1HNR4HpgKXjSvi5md256udYjC2Vo3L+aKXM="],"block_size":4096,"path":"img/icon_halloween_38x38.png"},{"block_hashes":["HJsxs00mKkjjpGagbUSgglq1/qt//BoDHbZXAsIv2JQ="],"block_size":4096,"path":"img/paypal-logo-res.png"},{"block_hashes":["PyYOnEieIKCrhSicT6tQNBrjwDgGCB17WEHKZRyFuPY=","/Qubq4JSvX0ma4miBojiSXeYS21JR+ZsvcRWmI7P6Ts=","n5mSr1WU2YlJmOk7vC1zuf4xZ6EzK0JggvRxlVMATqU=","mMZvg42NpAma5aaK7tSKnY9OWlH+hG4w6KVzttIlplU="],"block_size":4096,"path":"img/spinner.gif"},{"block_hashes":["8k/A9VWH5YUxtgiwtnUdCnzhSsJoGSy5TlcoBvF58Rk="],"block_size":4096,"path":"img/transparent_white_60.png"},{"block_hashes":["Si0dM5RQcA7F9FU8Z1oC9qqaY3AsxI14VKbDLWnFLDE=","+5BHoexEltr8WmiiuVknzJD0XrL/Sv29Ru03CN7JBWo="],"block_size":4096,"path":"js/background.js"},{"block_hashes":["5lYgllREmEETvIempnaJVTK5ObiQYyDSwceqKx/DdR4=","hfx5LYhsQn6/6AH4aPSIBR9htZyGTdnFpjbircIClqk="],"block_size":4096,"path":"js/cookie_helpers.js"},{"block_hashes":["54LQH/KJdmu9w0AvHicvkhAGGpwbg9xAlbWNzy4n8qo=","efaeFHNmC63LjESDNyKtQ2s6aMYsPQ8LLwp4oHWz0Ug=","SO/I2mEQ4P+fXHfkLf0Ge6YAv2hr5F6osH292HV16qw="],"block_size":4096,"path":"js/data.js"},{"block_hashes":["zzqxAuSyj1xyk8xLb66Fo4ItGMTwlYRV/40mdyh6lEs="],"block_size":4096,"path":"js/ga.js"},{"block_hashes":["YGyV/XL41vvUhy4dcZAW1G9xjhy9jA1oPEdg6rXTob4="],"block_size":4096,"path":"js/options_main_page.js"},{"block_hashes":["QMm7S+bYPukU7A6RhoJTjP9qBvN494cPDKbFWmmbGGI=","u48o7tWBKh7Fb+1oDTxJaBl+d+8xFHvUu1DWiiJ6Ajo=","9H+uJXD6seWKU8ok6DhNhL1mgoZf6X98FiWoc5mXbaY=","dqjNEHxP7UVJe/g3ACYmYQC6u0XYRIteAgIse6U/arA=","jR8sRbIiZs1+EtAn74yYcDfJLMGiDWvxO+QkAod/Hhk=","A8foP2gfwex59CXYNWzfxZvqn3Nq5+VbFA8WAmvCHJo=","bvW1oHOXOugWvxtj6S9329nbdspimZ+QGJ4LKhkPybY="],"block_size":4096,"path":"js/popup.js"},{"block_hashes":["KBAJq5Clv/NfUCUI76wEMrc07dTc9M7f5u2Dp5TiTV0=","YdWMn9THbNApSczkZ3f9/rb+TqHkZYIOGTz6JvHs6yw="],"block_size":4096,"path":"js/utils.js"},{"block_hashes":["lfN/fHAHUIjGV37d6n7HZKHbCsdRnHCsIZweoqgS8iU=","lJQNGuRZTk5u47bQ3GQBac7MeWEskxgMZN+ipxZX6/c="],"block_size":4096,"path":"lib/custom_i18n.js"},{"block_hashes":["YL0zQrVmXFP4XRnumBP7sdQT/uVLLpG4bY8I9L0LyFM="],"block_size":4096,"path":"lib/i18n_translator.js"},{"block_hashes":["8i8/zf/QbAb7ersPSOvaG6TuO8dlUo6YiQ/erbF8LxU=","TryZFhRcfkIZG46lB8kMRfBHgMASyi/VPL9PS6DXlbk=","l9ojlC5EBskCWbVJ2brDAH1klqkMLnUCUchQFST6DnI=","t0M+vpleghT3ciykf17EvnTXsdLjSqp1YdjJPvvH0MM=","RHsL+dDFfrkuQI2QnmNflAjHflkHkxjsqQC0Kn4oXzc=","k6sQ/KHJtRDeLFkR2CqWq+v5DgGfbU7E6pWWUK9NaKE=","Ns8lc/dcrEepFWbbnTPrYJ7jwJHIXiFgqVrP6a4AmEk=","EBDoFDos4TpE6DbDYkUtYXZn9C5/dVSZmpbyHCBHePg=","sp4YYnj/bqcJhbuam3h9isPa/CRegXOwiOgfsyk4wV4=","nRDETT09H88wPgEvEWVG7uZDQiH8fxuGtuKdCF5dRS4=","fJmwFnRWyKDDN+rX6ThSYtm8+YgybN8qR00+sJajuT0=","KNY5o3FWr0e4g6it8OFnX+21JMGBKe875g9DuorchLU=","Km5lgrvCNtFweIjLlB58e1FD5zo+ZNHFC0tLm4p1vUw=","jzHR8l+n3wlhbFoihvBYJe1E4qwzy1XMiVIcMR7iDOs=","C9a8i3ZosRdzurwhtlpQBkfGTpNPl9TPko9FDz37q9U=","Nwp3C0FwWfn+9yeTFTN2d5y+S2augiAT3Z4s0K20t7k=","1NOjTSwgVGj/1C59+cfWNvTZNDPbVW1wDXjfvBE4viY=","9iQwPYYJvB4tZ+2kI4vzQpzLxb6XRxrbK4RhsMvhppk=","GD2Hg8IFPUzMTkZrs8mWmf0/SKh8Dz5LuQDTuQ4BwJU=","RchvLJUO7LBb5HUHVgdEa+uNVZXEP5MKsZD2T9UhWA0=","FWKtrvRACwoZwKIPKxnKDQDlnNyl4QS6UE0KdBUFYHc=","HbMXN64msjLqAV1+XZaauu69jhxhcRmXjP9CKQ9iYO8="],"block_size":4096,"path":"lib/jquery-3.3.1.min.js"},{"block_hashes":["WYGOUl0eUOXNIBzTCJLFZ6i6sNWBmvQAzOt1GVUvjHo=","7F7CeakSQjSRbSpQOfS2JNKFgYXTm0lGAgKonrpWnCM=","fwTh+9jFIh6WmXlH84kDhF5KXNxf8bhFYTgKkTyjMUY=","YeLrkr9QXNKS40Q72NMXW7myvhPbc1bjKXbYTNsdrwg=","O01moNUOI6mmkQE5jatT3FgxdUr3sKOQXSDCxVdcSl4=","V2DpdjhaXeMpfatEBNn0wgsZU9sCNFQ7f9RWCnRcqzs=","9mA5l2K2cCQc8hE1SqWNrrYG8GNnNtKw8WuK5Qv2hP0=","8HNy+UtiJfoyKsaVQcZ6GIoBWm1m7DdRYOcM1kc5Avs=","cUq8ygbQALfmhdaD+IFZYvJ37y6ffWsGn7WhGUhjTg4=","1MOD/uN761WLHFVxPUSnTscdFZByI1O/Gjf/S27jokA=","lJhQP/8jj1Diyttyzb1fDWTEMYdnRygo3LPBRik5A0o=","zvKV25ku3Wyxm1E/lbGqU0wbqR5U0CxWH7/ACKy1MEo=","xRUx90YDobTxl3fQqd1+oOssalzKfZUeflHNAb9DGnk=","PBuDq/nTubSCLeaS6zYeBEONikZhLYVnRtoKPG/bdvs=","32MKDGIQ8LasaO9i83Iq65S07nyvWpfo6l1DDtOXISw=","B+G1DTjyGdMTBvEOaSnw0zRXisVeCIPHZ+MZ0wyzdLw=","+XWexH5Mwdk4uwsuybdf773v5CjB9ZaRgHbCrvYJ6Eo=","s0bqBD4Fa8aSgBiLuV1GuDl+TaxHczGK2cr2EuC183E=","8cosZUEJOrUw6FrVsTcNEO1qmNT+3SN4nrWiLTf/usg=","BbaXo2tzlRVIf9x9TCED2TLBYQylPEHHWb2h2EDqLek=","IRfL5V0JhFqByJAa8vtwBEeeGVI5KYByZ0lwHIhCFAA=","4ALgye8pfvkkqgx5K0Jq+6ImSO+EvmLB3bdeSOeHLe8=","+jsE176jKJSdVRI/ockNtv3dDDMaAXcbRbwoitWBNqY=","P1Jiwz5lKmQ1u9Kk35KBmIJIPwTMVBg9p0UmelZX268=","BRejkjHsgaiuDwlOZSRps+5N7zfLZ7gw5qrqzpBlP2M=","wTT5p5fDn3q/n/RXonZ2giIyodszRCY7LhOj2bQ2ZQs=","sqVgnM/btOOugYsR5jEtBRHYvK8LY4z055UlSHXdi48=","e1MSxr3LrJPi1NBwcuqpZBCyRcOuqQnJyCmMAJGe5+o=","DSRVWMBiT3NbZcJJ5UPFQnT42quOB6wh9ZcHhp/voXk=","BoRfJc0jG4itXOnNTrQJ+VBZc1brrdiynOXIuFyhJmg=","MQ62kkbFbe4fELD0ar8kDZvFqYsdDLBr3ExGx8fg1oY=","GdYAHF/Ftgg3g+9yiDSUw2Ugidr0VoJkq9vJygAb6Mo=","rRJUqEQRHYs1NzN3zLoTTe+2BIEffQdVJd2s2kMZkr8=","D6GEF4cwCIj9pQvqWI5/1NJYzedMJpnHjFJrELPMC7g=","H9J9ylPxVAAlkMSix5By8OW3IhRR0G6ju+aamdoZAAA=","nrVbJdTASyyCuQAyGzv13KbQ1h2vTwV2NpD/wBgJhV4=","TySvBFciPdwEEUVDrL/oKtWHpj+ZdKS1dfmwLQCjn6c=","IxbD2NQO66xZ0Dq1jthHwyv++7SsqpUPGNcu/3bnKuY=","HyGjpa15p92UOlm0Zbm+HDon/j6lSSOPW37hIHhpQKc=","HZpcvKI+LrccboWkGC5W0UUEiH7CT2SFaBJvb8kV71g=","LR5TS9ZJTLrN4jXmR+R0n1GTIaxLriBj9OkaZcunQr4=","GmRlRK04hop6lsqPEBRMUWSHyX5w/3ljsEYOpXLxb6U=","9lu7EGt3dU5j3dB0PqVDIFm7GYRt22oE6Y1qK7hnNrg=","Q0xrJJM8iab39lN72rkeaXv8Ht6yJkmfqPW/slO4Ojs=","SfLP8GwxlEYqudEPMOjv55k0lqWGLeZUhbY5Hq1KS2A=","IxOZ9SaSaZ3y5UcPYtf0/WI6xOk4AjtmEryguMKjBsc=","9qtU2IUIna9SkPfabgyprGgIJfiuQxyjHLpi4mjkmLI=","cnSaTwBk3C9RiomdrKDJREIVYQnz8bu+My0ADuADUY0=","MhmvqCT5ClpJ6ZhEt5PsryKhKzY+ZQxjszase+/q+Dc=","b7nJWCnk9U3/LgCFlu2/uFUVZbNMjqUzHk/eSPi5xkE=","iH04W/KVtLd/zvhjY5w8qNJkIKxLxF5Str8/zS+vxbo=","BAPoMcaYvGBfr5RN2Ie/9mh2f/fvsKLubDp5VkWDlAw=","YsmY6hFHmRb2/rjPc97gk/sm7vWC6mBEsrCEsf+bRbU=","zoYTuwM3GLvASkSt2UdrtG3ZYwn9Vk5IAW/FkI7sYbk=","4ykrCosh85VATDzarTHjMyeER9MFPeuRr5ZarljE9ZI=","+IVuwwWB+9HyEXprbr1O3/UOX5lmL1biT5odiBcPn90=","yGBtzd6aHddAEgxYCGImm5pKRB5m0tgUPohxA/XUncg=","CT6D+QDhvFN6RZvXBF2WiQifo6/xOBXChkroanvpwps=","4f1DsFzGZ9Ni7yxvIwVZx0gYLgdD+wmdiOI0kswffGY=","cXXGtF+p4UTFfZueEnwFBI/6XDuDFKn4ClLutrkW2DY=","J1z9R12T4CrMfRczYG4h19o7YaNq7qS5iiSZv5Idf/E=","2LQLesyC+Do3qLlkW1GyyMz1OHbukCQNeLBMI2VzDSA="],"block_size":4096,"path":"lib/jquery-ui-1.12.1.custom.min.js"},{"block_hashes":["qvnAmqZLQ289YNXLZPAFlvVojVK0egrfNSQpOkZFHVQ=","R/7YxnfzO57SJ2xWlCx6pCzt+TNzYMNLiY+thXrwyzw=","AF47c+vU5viNXLQj0IHHdBBRs3uhEpafyfzD5Ay5DfI=","I7YkikdxWE++PxsmWKZr9p6bKakycDo/NoF14KR12Dw=","D3ZMA6UHK5ZGlV60P1UT0+0IQ0SQ8KzB3ZK9uUZn7+4="],"block_size":4096,"path":"lib/jquery.jeditable.js"},{"block_hashes":["9a+Qcapr8/85tXFq0UVYaJrfCP0LTurLe9maFsHs9Os="],"block_size":4096,"path":"lib/object-watch.js"},{"block_hashes":["tr/qH/wPYOHgdFCbnmg8qa5zZrP0fEXVEbwV0vKIXzE="],"block_size":4096,"path":"lib/tablesorter/black-asc.gif"},{"block_hashes":["qKCwSkTTqyYm7Jgs/z+DLLyNlhy5iU/z7MOaQscthms="],"block_size":4096,"path":"lib/tablesorter/black-desc.gif"},{"block_hashes":["LMa7gUdOj8wSgufP1QSV+iNdq+OwPGzrvSQFZh06nJ4="],"block_size":4096,"path":"lib/tablesorter/black-unsorted.gif"},{"block_hashes":["ifhkTbz0LUGnyD+i3ix4yYJqjgFpdxTbqIEWY+Qy/ZY=","H4EgInFTFSX1Eulsy1pLC3k7vuFNc/p3qMJXs0nhQ+Y=","3/VxW8S+Jro2/iToUKgb8rnIAubOU6WNYjSkbOSTYEM=","4cb1G20HW11sNcB8zFt/z49zVKipvHb0vIPbg5ePxAA=","RlAqviVx6NNLj0f5Rsm8D4cv8Syan6H7plGBxMEEbQ8=","3R3/hyQS0+ZaKdUj/C7qkO/ZIvyuPICIaLlOkeBzKQE=","BfULcuF9L+n8m+GY2LkfvG3AzoKML5AeCPUx0WCq/6w=","KAj6tsq9B6KVf4sSijGH/Q+mCAIBXmPS82nfL2inmW8="],"block_size":4096,"path":"lib/tablesorter/jquery.tablesorter.min.js"},{"block_hashes":["bpUkP08c/06hZs8o4PrPRrkj3xdVSc1pSGDZNdsE3Bw=","9A0T3W0VeIiiKMFhO/BZQD3W38FtUe8JRUmfQV/wGJw=","eVAOLCmMRRBWMiZtHRP8ayxf0HCmaQOl/eL41ITG9oI=","/KS2b8voe6LCtMXZgPaVMv9UvzczqHUp4XSs9rl08fA=","HWQujh7RXq9b2C/lKsfvLZyWWvYUT5Jc7uwYNSh1wj8=","iocL03HbZ3cjbTGnOF0ECSAfzfKxTTxskWyZ0U3p1e4=","FuB+tbckvXUG+ZfTSwcyogUmkwglvCmVXfHFMzu81tw=","upcdAl9Fxkd6gs6feiEsNLc/bJWdZ+uYqSpa9OLk+iw=","RaIhdIpxKotkgES0N2dq1bx0i21u6yileC78ycSjPwI="],"block_size":4096,"path":"lib/tablesorter/jquery.tablesorter.widgets.min.js"},{"block_hashes":["3Qelui+x/FuFa8esqcKJPr3+Yl+Ow+4WWOf6vcbnumQ=","w16gqZypRxDfY5jAAc5vCkVYWF7qztL2PzlM1kQF2DA="],"block_size":4096,"path":"lib/tablesorter/theme.default.css"},{"block_hashes":["I3D4N8IUVoGzboSilepFJpKcz8JTCI5z2WM3iptdXkI="],"block_size":4096,"path":"lib/uniform/images/bg-input-focus.png"},{"block_hashes":["a/dHfXVVx+VbF2Ify45cMUPhkTFUkZ56XwnrKATRr/w="],"block_size":4096,"path":"lib/uniform/images/bg-input.png"},{"block_hashes":["aqa+qoKOWLnaHrXkWQ3K94FxP1rKjf7hjg1Va3d/Lr8=","/65rwBrn7/GdabxkUgu5vU1zKueRnNOlFmvb5V4zK0M=","jO1On1cSE9b1rQU4IF73HOv2FkMTo9enPZ0wKzLC/ac=","sG13hxf4OCZulKg9JA//qC7Fo78DYhRV+xbXeZyjngU=","ETAPqHXmGjr+qniH1B+idFQgB5kffLWW2TSDRQE1KpI=","Hxu418+F1vkTCIlLj57lGq+YSMc6OPboM3ckONT02ik=","9kr4iMCr9T/OHAa+zkTzHcb4+0mb47jFZOnigV6C6/c=","bJvxftI/RiDGei0GrW7qBJ5TIrg9QblfEqEADZ9XIAg=","ETP2VCc1tDJC7SqssFC7XyOIbhwouZZNgB+izyYvc/A="],"block_size":4096,"path":"lib/uniform/images/sprite.png"},{"block_hashes":["PaEgz2bKOgk19BRsyf7Amcbc+WHfQXRRp8bNEi7WJm8=","fKUCdYdXbYcVV0xxK5IVu6Y3/tuITvyS5aqzmUjidHE=","8vLUC9LGDb1lLbJ7iMHDLh0X8+4pZvZdV3qaXXtQ+CQ=","zh0iNbe5Kwyef3gu5TR3DlsbZXc6tB1CSbkb83fo+Ig=","0i50t1QAA7jUHkeJrgTS/XDNQK2o0uOqtQlujGePmFQ=","Ixu4uMKcNL7OPUe2UFt18C2Z+++k7XMwngggiN5e+Vk=","xhapGNsTLUt6lRYqBkI8NToECmR7pCmDAx+Ww56Zu6o=","xm3TfBwSNfgFbnGNLd4LCnjQX5t3V/r3S8mwj8AYU50=","UwWm8uHmSP/aKnvpzmmrD5aaVygGRO2UcJSXVPbZDyc=","tZ+en567/GuCVHnhVL+jsCyxPQgGA8z+zlK4k6POv+w="],"block_size":4096,"path":"lib/uniform/jquery.uniform.js"},{"block_hashes":["aiol2Ze5YazhP1o/wQY6vjvLH8NvAW9g/5Ev8T6yYPs=","d2CxtEAam8MC+DiD9hnuM82TkXfnTUkT5iutGmIKsCU="],"block_size":4096,"path":"lib/uniform/uniform.default.css"},{"block_hashes":["+4dH2jl0oWwmJUVDJD2ERltmRK8/an6wPWH8gpGFq6A="],"block_size":4096,"path":"License.txt"},{"block_hashes":["e8GFz6mcUq11dTcajwMGHwxaq272EkNcWWoxDRiydos="],"block_size":4096,"path":"options_main_page.html"},{"block_hashes":["Xts6z2sDzknv7FnSkU5CchItU3LikWzFIOCbHTT+VkA="],"block_size":4096,"path":"options_pages/block_rules.css"},{"block_hashes":["JwMGIKoKp96Y64ZKvJq4MxJFCjNFfy71PJEhIzSnHKU=","wef7RuMjFvxeIPQ7EKJjtRQuJNZIfBA+RXVkJtV+lyE="],"block_size":4096,"path":"options_pages/block_rules.html"},{"block_hashes":["UJx9R8hmMD55zUTb6rfhBEztwr4ZeOIpXNgEnNW1xm0=","wckvMb2n1uxWGKXQdcoEU0EqFhb2AL+EwZ7c69g0VCM="],"block_size":4096,"path":"options_pages/block_rules.js"},{"block_hashes":["AjyU4W1MKI6ahJJLNbX6LzAFKQuyQl9GcDeb/xW+RfE="],"block_size":4096,"path":"options_pages/options_page_chooser.js"},{"block_hashes":["e1yNoVpfX7pdanZfPRlKPxqL0ruu97+SOU7iKVWT0gQ="],"block_size":4096,"path":"options_pages/readonly_rules.css"},{"block_hashes":["qOjIw0Y0iJf3MlnPhGrUjJuPjGGqBc/bCcpIdWtmu0M="],"block_size":4096,"path":"options_pages/readonly_rules.html"},{"block_hashes":["psz9kScRsJ4jz02TogeKT64DzA5VjfK4ziERXtpEDa8="],"block_size":4096,"path":"options_pages/readonly_rules.js"},{"block_hashes":["cDBDHZyMdByk+D6J5OXSaLiey8XYsWasLgFe9JMonDA="],"block_size":4096,"path":"options_pages/support.css"},{"block_hashes":["dJlgtRxQfKoxbwpx1+3JT9sfMbywvihP1cfFDFpEVRc="],"block_size":4096,"path":"options_pages/support.html"},{"block_hashes":["Ge0Os3mSJZhrpy9QnNKnvXa+ElrPOl0OEtZ9Bwo57BY="],"block_size":4096,"path":"options_pages/support.js"},{"block_hashes":["KDnIpvFpylIUcBlokQBSmiLNbNaJ6m4asJxAlAaT4i0="],"block_size":4096,"path":"options_pages/user_preferences.css"},{"block_hashes":["3I9AYnHp4jOi3FA3WEgI+qZXsL2UUbVU41iA4EOQj6s=","tQqws8FdysEMnvQvdkvPTPZ9PxOVOyC57S79a4Dk/E4="],"block_size":4096,"path":"options_pages/user_preferences.html"},{"block_hashes":["/mjUNTeqhCRhNM1E5PKb5Hcsm2tug7qnBE3sGzJtc5I=","hoCJhZR85A4GXw1ROsFaXUkc7KzlY8+hSf8Gli3lV+g=","C4ImvFYecMPCfDA7UoWYxkJ91D05gexooNmjKPRbO9c="],"block_size":4096,"path":"options_pages/user_preferences.js"},{"block_hashes":["LAcXuMtoMDHuwwgHQsrlVxUI4Cx9m8ooek2xpMnuUWI=","k0tweEomZmKrLslXHomoIkgjY5Vk/pb5mdmjEDlJA3A=","/cB97ZOJE74MuLP2WGIB6x0gS32Ib/Q4TQ5fYibpiSk=","PxRhIVkXrlP2HwgVkhLuevXCWMIthI6P7dU6gOsQhsc="],"block_size":4096,"path":"popup.html"},{"block_hashes":["2vI8orp5fJh0UDzlaYEvscErUiWKkuEh+cdwKnlggCw="],"block_size":4096,"path":"README.md"}],"version":2}